{
  "Country Code": {
    "co2":2011
  },
  "ABW": {
    "co2":23.9224121017109
  },
  "AND": {
    "co2":5.96868546996089
  },
  "AFG": {
    "co2":0.425262104940417
  },
  "AGO": {
    "co2":1.35400752956755
  },
  "ALB": {
    "co2":1.60703771025689
  },
  "ARB": {
    "co2":4.72449969733611
  },
  "ARE": {
    "co2":20.4338376195602
  },
  "ARG": {
    "co2":4.56204851225823
  },
  "ARM": {
    "co2":1.67165692267883
  },
  "ASM": {
    "co2":null
  },
  "ATG": {
    "co2":5.8238043379617
  },
  "AUS": {
    "co2":16.5192099166948
  },
  "AUT": {
    "co2":7.76998342279337
  },
  "AZE": {
    "co2":3.6473791469432
  },
  "BDI": {
    "co2":0.0213499260634489
  },
  "BEL": {
    "co2":8.84939830249506
  },
  "BEN": {
    "co2":0.509962225664154
  },
  "BFA": {
    "co2":0.119980559825133
  },
  "BGD": {
    "co2":0.372017165838757
  },
  "BGR": {
    "co2":6.71438250987163
  },
  "BHR": {
    "co2":17.9473298142286
  },
  "BHS": {
    "co2":5.19984401885954
  },
  "BIH": {
    "co2":6.1966521497478
  },
  "BLR": {
    "co2":6.68251039797319
  },
  "BLZ": {
    "co2":1.67090430233936
  },
  "BMU": {
    "co2":6.07721021002416
  },
  "BOL": {
    "co2":1.59949903941542
  },
  "BRA": {
    "co2":2.19139356376845
  },
  "BRB": {
    "co2":5.58017761812104
  },
  "BRN": {
    "co2":24.3920133786297
  },
  "BTN": {
    "co2":0.766205619422981
  },
  "BWA": {
    "co2":2.32334500642674
  },
  "CAF": {
    "co2":0.0631278135947735
  },
  "CAN": {
    "co2":14.1358133791149
  },
  "CEB": {
    "co2":6.91113120718235
  },
  "CHE": {
    "co2":4.62522992397501
  },
  "CHI": {
    "co2":null
  },
  "CHL": {
    "co2":4.61644538016156
  },
  "CHN": {
    "co2":6.71030199087886
  },
  "CIV": {
    "co2":0.312877702632263
  },
  "CMR": {
    "co2":0.268091792889505
  },
  "COG": {
    "co2":0.538098378550474
  },
  "COL": {
    "co2":1.56062909881097
  },
  "COM": {
    "co2":0.220233472817373
  },
  "CPV": {
    "co2":0.859061432792295
  },
  "CRI": {
    "co2":1.7049744950915
  },
  "CSS": {
    "co2":9.69296026779196
  },
  "CUB": {
    "co2":3.17231509144201
  },
  "CUW": {
    "co2":null
  },
  "CYM": {
    "co2":10.3049310710498
  },
  "CYP": {
    "co2":6.73537582255401
  },
  "CZE": {
    "co2":10.4310881349318
  },
  "DEU": {
    "co2":8.91783284592949
  },
  "DJI": {
    "co2":0.561940931477949
  },
  "DMA": {
    "co2":1.74614156466205
  },
  "DNK": {
    "co2":7.24832871740999
  },
  "DOM": {
    "co2":2.18290788799199
  },
  "DZA": {
    "co2":3.3160378920663
  },
  "EAP": {
    "co2":5.30249935370452
  },
  "EAS": {
    "co2":5.85954848739331
  },
  "ECA": {
    "co2":5.4127074041852
  },
  "ECS": {
    "co2":7.54133422629917
  },
  "ECU": {
    "co2":2.35401738651458
  },
  "EGY": {
    "co2":2.63511522475978
  },
  "EMU": {
    "co2":7.13248299990191
  },
  "ERI": {
    "co2":0.108718364579018
  },
  "ESP": {
    "co2":5.79076423425033
  },
  "EST": {
    "co2":14.0498825181421
  },
  "ETH": {
    "co2":0.0839431166461619
  },
  "EUU": {
    "co2":7.06979787027619
  },
  "FCS": {
    "co2":0.8586288462196
  },
  "FIN": {
    "co2":10.1640460986379
  },
  "FJI": {
    "co2":1.42481324805984
  },
  "FRA": {
    "co2":5.18504342392799
  },
  "FRO": {
    "co2":11.7212117462674
  },
  "FSM": {
    "co2":1.24033592330589
  },
  "GAB": {
    "co2":1.41816574927503
  },
  "GBR": {
    "co2":7.08573208602778
  },
  "GEO": {
    "co2":1.769150523604
  },
  "GHA": {
    "co2":0.404379797695834
  },
  "GIN": {
    "co2":0.229423424565039
  },
  "GMB": {
    "co2":0.241098416956387
  },
  "GNB": {
    "co2":0.146810683420286
  },
  "GNQ": {
    "co2":8.9072415363595
  },
  "GRC": {
    "co2":7.55605776856022
  },
  "GRD": {
    "co2":2.40813743218807
  },
  "GRL": {
    "co2":12.4403410089647
  },
  "GTM": {
    "co2":0.748055056454528
  },
  "GUM": {
    "co2":null
  },
  "GUY": {
    "co2":2.35772202840916
  },
  "HIC": {
    "co2":11.0702804825437
  },
  "HKG": {
    "co2":5.69526853894451
  },
  "HND": {
    "co2":1.10374505308333
  },
  "HPC": {
    "co2":0.230193317551096
  },
  "HRV": {
    "co2":4.80153001129275
  },
  "HTI": {
    "co2":0.217962047888149
  },
  "HUN": {
    "co2":4.86298993143314
  },
  "IDN": {
    "co2":2.30378098280951
  },
  "IMN": {
    "co2":null
  },
  "IND": {
    "co2":1.66287348286691
  },
  "INX": {
    "co2":null
  },
  "IRL": {
    "co2":7.88075932628823
  },
  "IRN": {
    "co2":7.80214509349436
  },
  "IRQ": {
    "co2":4.20163513007514
  },
  "ISL": {
    "co2":5.89682897929244
  },
  "ISR": {
    "co2":8.95241353112365
  },
  "ITA": {
    "co2":6.70255761383033
  },
  "JAM": {
    "co2":2.87265569267489
  },
  "JOR": {
    "co2":3.60114706358194
  },
  "JPN": {
    "co2":9.29183430343302
  },
  "KAZ": {
    "co2":15.8100975441818
  },
  "KEN": {
    "co2":0.327569171129451
  },
  "KGZ": {
    "co2":1.19959162949262
  },
  "KHM": {
    "co2":0.308073151562941
  },
  "KIR": {
    "co2":0.595622097800539
  },
  "KNA": {
    "co2":5.05096418732782
  },
  "KOR": {
    "co2":11.8407568666903
  },
  "KSV": {
    "co2":null
  },
  "KWT": {
    "co2":28.1026617530789
  },
  "LAC": {
    "co2":2.38417560728642
  },
  "LAO": {
    "co2":0.188910505867133
  },
  "LBN": {
    "co2":4.6683125079609
  },
  "LBR": {
    "co2":0.218425012023314
  },
  "LBY": {
    "co2":6.20491434412335
  },
  "LCA": {
    "co2":2.27042358794721
  },
  "LCN": {
    "co2":2.93332917595013
  },
  "LDC": {
    "co2":0.268707273387085
  },
  "LIC": {
    "co2":0.270964490008672
  },
  "LIE": {
    "co2":1.40509620384815
  },
  "LKA": {
    "co2":0.729920839522737
  },
  "LMC": {
    "co2":1.5089926650977
  },
  "LMY": {
    "co2":3.10319559796459
  },
  "LSO": {
    "co2":1.08226960820483
  },
  "LTU": {
    "co2":4.53755851412512
  },
  "LUX": {
    "co2":20.8978116975694
  },
  "LVA": {
    "co2":3.7868014365136
  },
  "MAC": {
    "co2":2.13306090195031
  },
  "MAF": {
    "co2":null
  },
  "MAR": {
    "co2":1.73791554669125
  },
  "MCO": {
    "co2":null
  },
  "MDA": {
    "co2":1.39882179311941
  },
  "MDG": {
    "co2":0.112992805389691
  },
  "MDV": {
    "co2":3.25962293794187
  },
  "MEA": {
    "co2":5.96286531300497
  },
  "MEX": {
    "co2":3.87610761080744
  },
  "MHL": {
    "co2":1.95420719057498
  },
  "MIC": {
    "co2":3.42443389226327
  },
  "MKD": {
    "co2":4.51921014111123
  },
  "MLI": {
    "co2":0.0799563786058226
  },
  "MLT": {
    "co2":6.03432163894414
  },
  "MMR": {
    "co2":0.200285212139622
  },
  "MNA": {
    "co2":3.87821927364453
  },
  "MNE": {
    "co2":4.14554758345308
  },
  "MNG": {
    "co2":6.91514653104629
  },
  "MNP": {
    "co2":null
  },
  "MOZ": {
    "co2":0.131189805492051
  },
  "MRT": {
    "co2":0.627225463799213
  },
  "MUS": {
    "co2":3.12707081740397
  },
  "MWI": {
    "co2":0.0792314846186132
  },
  "MYS": {
    "co2":7.89882357346821
  },
  "NAC": {
    "co2":16.7319858017319
  },
  "NAM": {
    "co2":1.23916048891129
  },
  "NCL": {
    "co2":15.1732952755906
  },
  "NER": {
    "co2":0.0839581777578064
  },
  "NGA": {
    "co2":0.537497560078966
  },
  "NIC": {
    "co2":0.843541954964946
  },
  "NLD": {
    "co2":10.0644897398765
  },
  "NOC": {
    "co2":11.6603932570965
  },
  "NOR": {
    "co2":9.19287906857298
  },
  "NPL": {
    "co2":0.159474454709674
  },
  "NZL": {
    "co2":7.12405086678832
  },
  "OEC": {
    "co2":10.9778370949351
  },
  "OED": {
    "co2":9.90716840566788
  },
  "OMN": {
    "co2":20.2038945134942
  },
  "OSS": {
    "co2":1.55111216736502
  },
  "PAK": {
    "co2":0.941171125077653
  },
  "PAN": {
    "co2":2.62527624410677
  },
  "PER": {
    "co2":1.7832331442343
  },
  "PHL": {
    "co2":0.867845343351234
  },
  "PLW": {
    "co2":10.8554304571484
  },
  "PNG": {
    "co2":0.746895234112231
  },
  "POL": {
    "co2":8.33578670557733
  },
  "PRI": {
    "co2":null
  },
  "PRK": {
    "co2":2.98718211203856
  },
  "PRT": {
    "co2":4.70984962434502
  },
  "PRY": {
    "co2":0.841915242121446
  },
  "PSS": {
    "co2":1.09799974602997
  },